query_id,tabela,operacao,risk_level,risk_score,risk_factors,mitigation,evidence_pointer,notas
QRY-SQL-LEDGER-001,Sistema,READ,LOW,1,Leitura simples de configura√ß√£o,Validar dados de sistema,bi14a.esf:L0977-L0990,Query segura
QRY-SQL-LEDGER-002,PropostaSivpf,READ,LOW,1,Leitura simples com filtro,Validar n√∫mero de proposta,bi14a.esf:L1010-L1022,Query segura com error handling
QRY-SQL-LEDGER-003,PropostaSivpf,READ,LOW,1,Leitura simples,Validar n√∫mero de proposta,bi14a.esf:L1055-L1060,Query segura
QRY-SQL-LEDGER-004,PropostaSivpf,READ,LOW,1,Leitura de m√∫ltiplas colunas,Validar dados da proposta,bi14a.esf:L1088-L1093,Query segura
QY-SQL-LEDGER-005,Bilhete,UPDATE,MEDIUM,5,"Opera√ß√£o de escrita, Atualiza√ß√£o de dados banc√°rios, M√∫ltiplas colunas","Validar dados banc√°rios, Implementar transa√ß√£o, Auditoria obrigat√≥ria",bi14a.esf:L1160-L1175,‚ö†Ô∏è CR√çTICO - Dados financeiros sens√≠veis
QRY-SQL-LEDGER-006,Bilhete,READ,LOW,2,Leitura completa de bilhete (9 colunas),Validar exist√™ncia do bilhete,bi14a.esf:L1194-L1210,Query complexa mas segura
QRY-SQL-LEDGER-007,Apolice,READ,LOW,1,Valida√ß√£o de ap√≥lice,Validar n√∫mero de ap√≥lice,bi14a.esf:L1231-L1240,Query segura
QRY-SQL-LEDGER-008,Apolice,READ,LOW,1,Verifica√ß√£o de situa√ß√£o,Validar situa√ß√£o da ap√≥lice,bi14a.esf:L1266-L1275,Query segura
QRY-SQL-LEDGER-009,Relatorio,READ,LOW,1,Busca de relat√≥rio,Validar exist√™ncia do relat√≥rio,bi14a.esf:L1299-L1310,Query segura
QRY-SQL-LEDGER-010,Relatorio,CREATE,MEDIUM,6,"Opera√ß√£o de INSERT, M√∫ltiplas colunas (22 campos), Valida√ß√£o de m√™s obrigat√≥ria","Validar m√™s (1-12), Implementar transa√ß√£o, Validar campos obrigat√≥rios, Auditoria",bi14a.esf:L1333-L1355,‚ö†Ô∏è CR√çTICO - INSERT complexo com muitos campos
QRY-SQL-LEDGER-011,Bilhete,READ,LOW,2,Leitura completa de bilhete,Validar exist√™ncia do bilhete,bi14a.esf:L1763-L1770,Query segura
QRY-SQL-LEDGER-012,MovimentoDebitoCef,READ,LOW,2,SELECT * (todas colunas),Evitar SELECT * em produ√ß√£o,bi14a.esf:L1806-L1812,‚ö†Ô∏è SELECT * - Especificar colunas
QRY-SQL-LEDGER-013,MovimentoDebitoCef,READ,LOW,2,SELECT * (todas colunas),Evitar SELECT * em produ√ß√£o,bi14a.esf:L1823-L1830,‚ö†Ô∏è SELECT * - Especificar colunas
QRY-SQL-LEDGER-014,Rcap,READ,LOW,2,SELECT * (todas colunas),Evitar SELECT * em produ√ß√£o,bi14a.esf:L1838-L1844,‚ö†Ô∏è SELECT * - Especificar colunas
QRY-SQL-LEDGER-015,Sistema,READ,LOW,1,Leitura simples (DUPLICATA),Consolidar queries duplicadas,bi14a.esf:L2138-L2151,‚ö†Ô∏è DUPLICATA - Mesma l√≥gica em L0977
QRY-SQL-LEDGER-016,PropostaSivpf,READ,LOW,1,Leitura simples (DUPLICATA),Consolidar queries duplicadas,bi14a.esf:L2171-L2180,‚ö†Ô∏è DUPLICATA - Mesma l√≥gica em L1010
QRY-SQL-LEDGER-017,MovimentoDebitoCef,READ,LOW,2,SELECT * (todas colunas),Evitar SELECT * em produ√ß√£o,bi14a.esf:L1471-L1478,‚ö†Ô∏è SELECT * - Especificar colunas
QRY-SQL-LEDGER-018,MovimentoDebitoCef,READ,LOW,2,SELECT * (todas colunas),Evitar SELECT * em produ√ß√£o,bi14a.esf:L1489-L1497,‚ö†Ô∏è SELECT * - Especificar colunas
QRY-SQL-LEDGER-020,Rcap,READ,LOW,3,"Chamada de procedimento (BI14P030), Valida√ß√£o cr√≠tica de SITUACAO","Validar SITUACAO='1', Documentar l√≥gica de valida√ß√£o",bi14a.esf:L1504-L1511,üî¥ OMISS√ÉO CORRIGIDA - Valida√ß√£o financeira cr√≠tica


